{
  "img_std": [
    39.721974708734216,
    34.06117915518031,
    30.092062243775406,
    4.684211737168346
  ],
  "img_mean": [
    150.73301134918557,
    123.75755228360018,
    92.57823716578613,
    -9.734063808604613
  ],
  "class_weights": [
    1,
    1.76349211690742
  ],
  "ratio_to_target": {
    "1": 4.031927258674908,
    "14": 1.000032190585676
  },
  "final_class_counts": {
    "0": 535062533,
    "1": 2744660814,
    "14": 386025906
  },
  "balanced_tiles_path": "29e4b03a-de0a-44c7-a859-772de7af2d6a.json",
  "target_class_counts": {
    "1": 680731729,
    "14": 386013480
  },
  "initial_class_counts": {
    "0": 535061085,
    "1": 1679440266,
    "14": 98468414
  }
}